{
  "timestamp_utc": "2025-11-24T172536Z",
  "monte_carlo": {
    "config": {
      "simulations": 10000,
      "seed": 42,
      "antithetic": true
    },
    "dscr_fan_chart": {
      "years": [
        1,
        2,
        3,
        4,
        5,
        6,
        7,
        8,
        9,
        10,
        11,
        12,
        13,
        14,
        15
      ],
      "p5": [
        NaN,
        NaN,
        NaN,
        NaN,
        0.6580481887662848,
        0.6141783270710117,
        0.6133843186295254,
        0.6129951460803967,
        0.6138315690765169,
        0.613312554775655,
        0.7460969925177944,
        NaN,
        NaN,
        NaN,
        NaN
      ],
      "p25": [
        NaN,
        NaN,
        NaN,
        NaN,
        0.9576818787246364,
        0.8938364456926176,
        0.892680895827202,
        0.8921145186159884,
        0.8933317959522192,
        0.8925764552352026,
        1.0858225608748169,
        NaN,
        NaN,
        NaN,
        NaN
      ],
      "p50": [
        NaN,
        NaN,
        NaN,
        NaN,
        1.1893475173531414,
        1.1100577145930735,
        1.1086226343288001,
        1.1079192490554575,
        1.1094309888199232,
        1.1084929292967172,
        1.3484857505942407,
        NaN,
        NaN,
        NaN,
        NaN
      ],
      "p75": [
        NaN,
        NaN,
        NaN,
        NaN,
        1.4615286457242913,
        1.3640934416675612,
        1.3623299445529276,
        1.3614655901813317,
        1.363323290255036,
        1.362170556638867,
        1.6570855230190211,
        NaN,
        NaN,
        NaN,
        NaN
      ],
      "p95": [
        NaN,
        NaN,
        NaN,
        NaN,
        1.898409585685347,
        1.7718489972865903,
        1.7695583546525626,
        1.7684356270007529,
        1.770848631793759,
        1.769351322416294,
        2.152422431406225,
        NaN,
        NaN,
        NaN,
        NaN
      ]
    },
    "breach_probability": {
      "years": [
        1,
        2,
        3,
        4,
        5,
        6,
        7,
        8,
        9,
        10,
        11,
        12,
        13,
        14,
        15
      ],
      "cumulative": [
        0.0,
        0.0,
        0.0,
        0.0,
        0.5112,
        0.5966,
        0.5983,
        0.5992999999999999,
        0.5992999999999999,
        0.5992999999999999,
        0.5992999999999999,
        0.5992999999999999,
        0.5992999999999999,
        0.5992999999999999,
        0.5992999999999999
      ],
      "survival": [
        1.0,
        1.0,
        1.0,
        1.0,
        0.4888,
        0.4034,
        0.4017,
        0.4007,
        0.4007,
        0.4007,
        0.4007,
        0.4007,
        0.4007,
        0.4007,
        0.4007
      ],
      "hazard": [
        0.0,
        0.0,
        0.0,
        0.0,
        1.0458265139116203,
        0.21170054536440258,
        0.004232013940751805,
        0.0024956326428749688,
        0.0,
        0.0,
        0.0,
        0.0,
        0.0,
        0.0,
        0.0
      ]
    },
    "asset_value_distribution": {
      "mean": 111508075.02179284,
      "std": 36678834.80343588,
      "p5": 58713687.891506694,
      "p50": 107579903.29531193,
      "p95": 176257770.46196017
    }
  },
  "risk_metrics": {
    "portfolio": {
      "expected_loss": 1.0935540000000001,
      "var_95": 8.100000000000001,
      "var_99": 15.12,
      "cvar_95": 9.851837837837838,
      "cvar_99": 16.42969325153374
    },
    "tranches": {
      "senior": {
        "pd_mean": 0.015000000000000006,
        "lgd": 0.3499999999999999,
        "expected_loss": 0.222264,
        "capital_95": 0.0,
        "capital_99": 15.12
      },
      "mezzanine": {
        "pd_mean": 0.03500000000000002,
        "lgd": 0.5499999999999999,
        "expected_loss": 0.34155,
        "capital_95": 0.0,
        "capital_99": 9.9
      },
      "subordinated": {
        "pd_mean": 0.06499999999999997,
        "lgd": 0.75,
        "expected_loss": 0.5297400000000001,
        "capital_95": 8.100000000000001,
        "capital_99": 8.100000000000001
      }
    }
  },
  "stress_results": {
    "scenarios_run": [
      "S1",
      "S2",
      "S3",
      "S4",
      "S5",
      "S6",
      "C1",
      "C2",
      "C3",
      "T1",
      "T2",
      "T3",
      "CT1",
      "U1",
      "U2",
      "U3"
    ],
    "ranking_by_dscr_impact": [
      {
        "code": "C1",
        "name": "Perfect Storm",
        "dscr_min_stressed": 0.878,
        "delta": -0.23
      },
      {
        "code": "S3",
        "name": "Fallo de lanzamiento",
        "dscr_min_stressed": 0.888,
        "delta": -0.22
      },
      {
        "code": "C2",
        "name": "Launch + Rates",
        "dscr_min_stressed": 0.918,
        "delta": -0.19
      },
      {
        "code": "S1",
        "name": "Demanda d\u00e9bil",
        "dscr_min_stressed": 1.068,
        "delta": -0.04
      },
      {
        "code": "C3",
        "name": "Operational Cascade",
        "dscr_min_stressed": 1.068,
        "delta": -0.04
      },
      {
        "code": "CT1",
        "name": "Perfect Token Storm",
        "dscr_min_stressed": 1.068,
        "delta": -0.04
      },
      {
        "code": "S5",
        "name": "Regulatorio adverso",
        "dscr_min_stressed": 1.088,
        "delta": -0.02
      },
      {
        "code": "S4",
        "name": "Degradaci\u00f3n operativa",
        "dscr_min_stressed": 1.108,
        "delta": 0.0
      },
      {
        "code": "S6",
        "name": "CAPEX overrun",
        "dscr_min_stressed": 1.108,
        "delta": 0.0
      },
      {
        "code": "T1",
        "name": "DeFi Liquidity Crisis",
        "dscr_min_stressed": 1.108,
        "delta": 0.0
      },
      {
        "code": "T2",
        "name": "Smart Contract Exploit",
        "dscr_min_stressed": 1.108,
        "delta": 0.0
      },
      {
        "code": "T3",
        "name": "Security Token Regulatory Ban",
        "dscr_min_stressed": 1.108,
        "delta": 0.0
      },
      {
        "code": "U3",
        "name": "Technology Breakthrough",
        "dscr_min_stressed": 1.108,
        "delta": 0.0
      },
      {
        "code": "S2",
        "name": "Shock de tasas",
        "dscr_min_stressed": 1.138,
        "delta": 0.03
      },
      {
        "code": "U2",
        "name": "Spectrum Award",
        "dscr_min_stressed": 1.308,
        "delta": 0.2
      },
      {
        "code": "U1",
        "name": "Competitor Exit",
        "dscr_min_stressed": 1.408,
        "delta": 0.3
      }
    ],
    "near_misses": [
      {
        "code": "S1",
        "metric": 1.068,
        "threshold": 1.0,
        "margin": 0.068
      },
      {
        "code": "S5",
        "metric": 1.088,
        "threshold": 1.0,
        "margin": 0.088
      },
      {
        "code": "C3",
        "metric": 1.068,
        "threshold": 1.0,
        "margin": 0.068
      },
      {
        "code": "CT1",
        "metric": 1.068,
        "threshold": 1.0,
        "margin": 0.068
      }
    ]
  },
  "tokenization_analysis": {
    "mechanisms": {
      "liquidity_premium": {
        "traditional_bps": 75.0,
        "tokenized_bps": 25.0,
        "reduction_bps": 50.0,
        "driver": "secondary_market_depth"
      },
      "operational_efficiency": {
        "traditional_admin_cost_pct": 0.5,
        "tokenized_admin_cost_pct": 0.15,
        "savings_pct": 0.35,
        "driver": "smart_contract_automation"
      },
      "capital_efficiency": {
        "traditional_min_ticket": 1000000.0,
        "tokenized_min_ticket": 100.0,
        "investor_base_expansion": 100.0,
        "driver": "fractional_ownership"
      },
      "transparency_premium": {
        "traditional_info_asymmetry_bps": 25.0,
        "tokenized_info_asymmetry_bps": 5.0,
        "reduction_bps": 20.0,
        "driver": "on_chain_reporting"
      }
    },